mode,time
serial,0.0024569999950472265
openmp,0.0017585000023245811
