mode,time
serial,0.0013285999884828925
openmp,0.0009615999879315495
cuda,1.3573581000091508
pthreads,0.001865199999883771
